text,time,author,channel,id
"–ü—Ä–∞–∫—Ç–∏—á–µ—Å–∫–∞—è —Å—Ç–∞—Ç–∏—Å—Ç–∏–∫–∞ –¥–ª—è Data Science

–ù–∞ –¥–∞–Ω–Ω—ã–π –º–æ–º–µ–Ω—Ç —á–∏—Ç–∞—é python –¥–ª—è —Å–ª–æ–∂–Ω—ã—Ö –∑–∞–¥–∞—á,–∫—Ä–∞–π–Ω–µ –∏–Ω—Ç–µ—Ä–µ—Å–Ω–∞—è –∫–Ω–∏–≥–∞. –ú–æ–∂–Ω–æ —Å–∫–∞–∑–∞—Ç—å –≤—Å–µ–≥–¥–∞ —Å–æ –º–Ω–æ–π,—Ç–∫ –≤ –≤—É–∑–µ —Ç–µ–º–∞ –Ω–∞—É—á–Ω–æ –∏—Å—Å–ª–µ–¥–æ–≤–∞—Ç–µ–ª—å—Å–∫–æ–π —Ä–∞–±–æ—Ç—ã —Å–≤—è–∑–∞–Ω–∞ —Å –¥–∏–∞–≥–Ω–æ—Å—Ç–∏–∫–æ–π —Ä–∞–∫–∞ –º–æ–ª–æ—á–Ω—ã—Ö –∂–µ–ª–µ–∑ —Å –ø–æ–º–æ—â—å—é –º–∞—à–∏–Ω–Ω–æ–≥–æ –æ–±—É—á–µ–Ω–∏—è. 
–ö–Ω–∏–≥–∞ –ø–æ —Å—Ç–∞—Ç–∏—Å—Ç–∏–∫–µ –¥—Ä—É–≥–∞—è –Ω–∞ –¥–∞–Ω–Ω—ã–π –º–æ–º–µ–Ω—Ç –ø–æ–¥ —Ä—É–∫–æ–π-¬´–∞–Ω–∞–ª–∏–∑ –¥–∞–Ω–Ω—ã—Ö –Ω–∞ –∫–æ–º–ø—å—é—Ç–µ—Ä–µ¬ª –¢—é—Ä–∏–Ω",2022-11-14,–î–∞–Ω–∏–∏–ª –ù–µ–º–æ–≤,UCIWCbvgvigPcI1tkh_TlLVA,1
"–ü—Ä–∞–∫—Ç–∏—á–µ—Å–∫–∞—è —Å—Ç–∞—Ç–∏—Å—Ç–∏–∫–∞ –¥–ª—è —Å–ø–µ—Ü–∏–∞–ª–∏—Å—Ç–æ–≤ DS

–°–ø–∞—Å–∏–±–æ –∑–∞ –≤–∏–¥–µ–æ üí´",2022-11-09,–Ø—Ä–æ—Å–ª–∞–≤–∞ –ü–∞–Ω—Ç–µ–ª–µ–µ–≤–∞,UCmaumKyJGZL5fnXIidKoVsA,2
–ü—Ä–∞–∫—Ç–∏—á–µ—Å–∫–∞—è —Å—Ç–∞—Ç–∏—Å—Ç–∏–∫–∞ –¥–ª—è —Å–ø–µ—Ü–∏–∞–ª–∏—Å—Ç–æ–≤ DS,2022-11-08,Sinner,UCOcVcZvCi55wEa10iS4A1Iw,3
–ü—Ä–∞–∫—Ç–∏—á–µ—Å–∫–∞—è —Å—Ç–∞—Ç–∏—Å—Ç–∏–∫–∞ –¥–ª—è —Å–ø–µ—Ü–∏–∞–ª–∏—Å—Ç–æ–≤ Data Sciense,2022-11-08,Wasssja,UC9KNZQcKZGPZiYm4-Ltp-6w,4
–ü–æ—à–µ–ª –æ—Ç–∫–ª–∞–¥—ã–≤–∞—Ç—å –∫–Ω–∏–≥–∏ –≤ –∫–æ—Ä–∑–∏–Ω—É –º–∞—Ä–∫–µ—Ç–ø–ª–µ–π—Å–æ–≤... –ù–æ –º–æ–∂–Ω–æ –∏ –≤—ã–∏–≥—Ä–∞—Ç—å –æ–¥–Ω—É  ) ¬´–ü—Ä–∞–∫—Ç–∏—á–µ—Å–∫–∞—è —Å—Ç–∞—Ç–∏—Å—Ç–∏–∫–∞ –¥–ª—è —Å–ø–µ—Ü–∏–∞–ª–∏—Å—Ç–æ–≤ Data science‚Äù,2022-11-11,–ê–Ω—Ç–æ–Ω –í–ª–∞—Å–æ–≤,UCxE6Bi_uVCVht_KtGAkSrcg,5
"–û—Ç–≤–µ—Ç: –ü—Ä–∞–∫—Ç–∏—á–µ—Å–∫–∞—è —Å—Ç–∞—Ç–∏—Å—Ç–∏–∫–∞ –¥–ª—è —Å–ø–µ—Ü–∏–∞–ª–∏—Å—Ç–æ–≤ Data Science.

–ó–¥—Ä–∞–≤—Å—Ç–≤—É–π—Ç–µ! –°–ø–∞—Å–∏–±–æ –±–æ–ª—å—à–æ–µ –∑–∞ –≤–∞—à —Ç—Ä—É–¥! –Ø —Å—á–∏—Ç–∞—é, —á—Ç–æ –æ–±—É—á–µ–Ω–∏–µ –≤ –Ω–æ–≤–æ–π —Å—Ñ–µ—Ä–µ —Å—Ç–æ–∏—Ç –Ω–∞—á–∏–Ω–∞—Ç—å –∏–º–µ–Ω–Ω–æ —Å —á—Ç–µ–Ω–∏—è —Ö–æ—Ä–æ—à–∏—Ö —Å—Ç—Ä—É–∫—Ç—É—Ä–∏—Ä–æ–≤–∞–Ω–Ω—ã—Ö –∫–Ω–∏–≥. –ü–æ–ª—É—á–∏—Ç—å —Ü–µ–ª—ã–π —Å–ø–∏—Å–æ–∫ –ø–æ–ª–µ–∑–Ω–æ–π –ª–∏—Ç–µ—Ä–∞—Ç—É—Ä—ã –æ—Ç —Å–ø–µ—Ü–∏–∞–ª–∏—Å—Ç–∞ —ç—Ç–æ –Ω–∞—Å—Ç–æ—è—â–∏–π –ø–æ–¥–∞—Ä–æ–∫! –í —Å–ª–µ–¥—É—é—â–µ–º –≥–æ–¥—É —è –ø–æ–ª—É—á—É –¥–∏–ø–ª–æ–º –ø–æ —Å–ø–µ—Ü–∏–∞–ª—å–Ω–æ—Å—Ç–∏ ""–ø—Ä–∏–∫–ª–∞–¥–Ω–∞—è –º–∞—Ç–µ–º–∞—Ç–∏–∫–∞"" –∏ –æ—á–µ–Ω—å –Ω–∞–¥–µ—é—Å—å, —á—Ç–æ —ç—Ç–∞ –ª–∏—Ç–µ—Ä–∞—Ç—É—Ä–∞ –ø–æ–º–æ–∂–µ—Ç –Ω–∞–π—Ç–∏ –º–Ω–µ –ø–µ—Ä–≤—É—é —Ä–∞–±–æ—Ç—É –≤ data science.",2022-11-18,J Smith,UCzUQcPrF81wa5r-XRnBKU2g,6
"–ü—Ä–∞–∫—Ç–∏—á–µ—Å–∫–∞—è —Å—Ç–∞—Ç–∏—Å—Ç–∏–∫–∞ –¥–ª—è —Å–ø–µ—Ü–∏–∞–ª–∏—Å—Ç–æ–≤ Data Science

–°–ø–∞—Å–∏–±–æ –µ—â–µ —Ä–∞–∑ üôÇ",2022-11-08,–î–∞–Ω–∏–ª–∞ –ì–µ–Ω–∞–¥—å–µ–≤–∏—á,UC_net-AohT_aBaFY9QFB4HA,7
–ü—Ä–∞–∫—Ç–∏—á–µ—Å–∫–∞—è —Å—Ç–∞—Ç–∏—Å—Ç–∏–∫–∞ –¥–ª—è —Å–ø–µ—Ü–∏–∞–ª–∏—Å—Ç–æ–≤ Data Science,2022-11-09,Evgeny Artyomov,UCbvby29u_Vl8r9DsU58NcDw,8
–ü—Ä–∞–∫—Ç–∏—á–µ—Å–∫–∞—è —Å—Ç–∞—Ç–∏—Å—Ç–∏–∫–∞ –¥–ª—è —Å–ø–µ—Ü–∏–∞–ª–∏—Å—Ç–æ–≤ Data Science,2022-11-08,Mikhail Popov,UCzhFpvxItbQ1_ENZJh35Irg,9
–ü—Ä–∞–∫—Ç–∏—á–µ—Å–∫–∞—è —Å—Ç–∞—Ç–∏—Å—Ç–∏–∫–∞ –¥–ª—è —Å–ø–µ—Ü–∏–∞–ª–∏—Å—Ç–æ–≤ Data Science.–û—Ç–ª–∏—á–Ω—ã–µ –∫–Ω–∏–≥–∏.,2022-11-08,SkyZ,UCkQVg3zQ7Zo9upPU1LN_r2w,10
–ü—Ä–∞–∫—Ç–∏—á–µ—Å–∫–∞—è —Å—Ç–∞—Ç–∏—Å—Ç–∏–∫–∞ –¥–ª—è —Å–ø–µ—Ü–∏–∞–ª–∏—Å—Ç–æ–≤ Data Science. –°–ø–∞—Å–∏–±–æ –í–∞–º –∑–∞ –ø–æ–¥–±–æ—Ä–∫—É –∫–Ω–∏–≥!,2022-11-14,–ë–∞—è—Ä–º–∞ –î–∞—à–∏–µ–≤–∞,UCSFo2PrgBoeOhNq8H7ksQPw,11
"–ê–Ω–∞—Å—Ç–∞—Å–∏—è, –±–ª–∞–≥–æ–¥–∞—Ä—é –∑–∞ –ø–æ–¥–±–æ—Ä–∫—É. –û—Ç–≤–µ—Ç:
–ü—Ä–∞–∫—Ç–∏—á–µ—Å–∫–∞—è —Å—Ç–∞—Ç–∏—Å—Ç–∏–∫–∞ –¥–ª—è —Å–ø–µ—Ü–∏–∞–ª–∏—Å—Ç–æ–≤ Data Science.",2022-11-08,–ú–∞–∫—Å –ù.,UCUdRJusB0JxmxcRqEtp_v_w,12
"""–ü—Ä–∞–∫—Ç–∏—á–µ—Å–∫–∞—è —Å—Ç–∞—Ç–∏—Å—Ç–∏–∫–∞ –¥–ª—è Data Science"" . 
–ó–∞–º–µ—á–∞—Ç–µ–ª—å–Ω–∞—è –ø–æ–¥–±–æ—Ä–∫–∞ –∫–Ω–∏–≥. –° –∞–Ω–≥–ª–∏–π—Å–∫–∏–º —Ç–æ—á–Ω–æ –Ω–µ–æ–±—Ö–æ–¥–∏–º–æ –ø–æ—Ä–∞–±–æ—Ç–∞—Ç—å . –°–ø–∞—Å–∏–±–æ. –°–∞–º—ã–π –ª—É—á—à–∏–π –∫–∞–Ω–∞–ª –ø–æ Data Science! –í—ã –∫–∞–∫ –≤—Å–µ–≥–¥–∞ –Ω–∞ –≤—ã—Å–æ—Ç–µ!",2022-11-09,Igor Taiji,UCAPAMlbb3E3_ep2PWYWQF4A,13
–ü—Ä–∞–∫—Ç–∏—á–µ—Å–∫–∞—è —Å—Ç–∞—Ç–∏—Å—Ç–∏–∫–∞ –¥–ª—è —Å–ø–µ—Ü–∏–∞–ª–∏—Å—Ç–æ–≤ Data Science,2022-11-08,Kasymkhan Khubiev,UCYUZe-U4eGGGWhGlQZo_60w,14
–ü—Ä–∞–∫—Ç–∏—á–µ—Å–∫–∞—è —Å—Ç–∞—Ç–∏—Å—Ç–∏–∫–∞ –¥–ª—è —Å–ø–µ—Ü–∏–∞–ª–∏—Å—Ç–æ–≤ Data Science.,2022-11-10,VRSTATICK,UCaY2ga4ANd8fAEZYAsIBZJA,15
–°–ø–∞—Å–∏–±–æ –∑–∞ –ø–æ–¥–±–æ—Ä–∫—É! –û—Ç–≤–µ—Ç: –ü—Ä–∞–∫—Ç–∏—á–µ—Å–∫–∞—è —Å—Ç–∞—Ç–∏—Å—Ç–∏–∫–∞ –¥–ª—è —Å–ø–µ—Ü–∏–∞–ª–∏—Å—Ç–æ–≤ Data science.,2022-11-11,Nickolay Nickolaev,UCeH4XlAbd036uA2SA_PTtMQ,16
"–ü—Ä–∞–∫—Ç–∏—á–µ—Å–∫–∞—è —Å—Ç–∞—Ç–∏—Å—Ç–∏–∫–∞ –¥–ª—è —Å–ø–µ—Ü–∏–∞–ª–∏—Å—Ç–æ–≤ Data science. 

–°–ø–∞—Å–∏–±–æ –∑–∞ –ø–æ–¥–¥–µ—Ä–∂–∫—É! –•–æ—Ç–µ–ª –µ–µ —É—Å–ª—ã—à–∞—Ç—å –æ—Ç —É–∂–µ –ø—Ä–∞–∫—Ç–∏–∫—É—é—â–∏—Ö —Å–ø–µ—Ü–∏–∞–ª–∏—Å—Ç–æ–≤",2022-11-10,Maxim Mironov,UCqILATa6EVBeQ9EDGo1PIcA,17
"–ü—Ä–∞–∫—Ç–∏—á–µ—Å–∫–∞—è —Å—Ç–∞—Ç–∏—Å—Ç–∏–∫–∞ –¥–ª—è —Å–ø–µ—Ü–∏–∞–ª–∏—Å—Ç–æ–≤ Data Science

–°–ø–∞—Å–∏–±–æ –∑–∞ –ø–æ–¥–±–æ—Ä–∫—É!",2022-11-09,Daniil Zhembrovskiy,UCwVhn-P4STLzLClkNFFXb4A,18
–ü—Ä–∞–∫—Ç–∏—á–µ—Å–∫–∞—è —Å—Ç–∞—Ç–∏—Å—Ç–∏–∫–∞ –¥–ª—è —Å–ø–µ—Ü–∏–∞–ª–∏—Å—Ç–æ–≤ Data Science –ü–∏—Ç–µ—Ä –ë—Ä—é—Å –ü–∏—Ç–µ—Ä –ì–µ–¥–µ–∫ –≠–Ω–¥—Ä—é –ë—Ä—é—Å,2022-11-08,–ò–ª—å—è ,UC6VnAeh2lpUbdrT6UoJKqmg,19
–ü—Ä–∞–∫—Ç–∏—á–µ—Å–∫–∞—è —Å—Ç–∞—Ç–∏—Å—Ç–∏–∫–∞ –¥–ª—è —Å–ø–µ—Ü–∏–∞–ª–∏—Å—Ç–æ–≤ Data Science,2022-11-08,–î–∞—Ä—å—è –ö–∞—Ä–∑–∞–Ω–æ–≤–∞,UC6N3EwWSk9bCYqaPzM6h2ag,20
"–°–ø–∞—Å–∏–±–æ, –æ—á–µ–Ω—å –Ω—É–∂–Ω–∞—è –ø–æ–¥–±–æ—Ä–∫–∞) 
–ê –∫–Ω–∏–≥–∞ : ‚Äú–ü—Ä–∞–∫—Ç–∏—á–µ—Å–∫–∞—è —Å—Ç–∞—Ç–∏—Å—Ç–∏–∫–∞ –¥–ª—è —Å–ø–µ—Ü–∏–∞–ª–∏—Å—Ç–æ–≤ Data Science‚Äù",2022-11-08,–í–∞–ª–µ—Ä–∏—è –í–µ—Ä–±–∞,UChtgfeoC6Oqo4oHg2fik1_g,21
"–õ–∞–π–∫–ø–∞–¥–ø–∏—Å–∫–∞–∫–∞–ª–∞–∫–æ–ª—å—á–µ–∫ (–≤—Ä—É, –∫–æ–ª–æ–∫–æ–ª—å—á–∏–∫ –Ω–∏–∫–æ–≥–¥–∞ –Ω–µ –Ω–∞–∂–∏–º–∞—é –∏ –±–æ–ª—å—à–∏–Ω—Å—Ç–≤–æ —á–∞—Ç–æ–≤ —É –º–µ–Ω—è –∑–∞–º—å—é—á–µ–Ω—ã). <–°–ø—É—Å—Ç—è 30 –º–∏–Ω—É—Ç>: –ö–æ—Ä–æ—á–µ, –≤ –Ω–∞–∏–≤–Ω–æ–π –Ω–∞–¥–µ–∂–¥–µ, —á—Ç–æ –µ—Å—Ç—å –∏—Å—Ç–æ—á–Ω–∏–∫, –≥–¥–µ –Ω–∞–ø–∏—Å–∞–Ω–æ –ø–æ–Ω—è—Ç–Ω–æ: –≤–æ—Ç —Ñ–æ—Ä–º—É–ª–∞, –≤–æ—Ç —Ä–∞—Å—à–∏—Ñ—Ä–æ–≤–∫–∞, –∫—É–ø–∏–ª —è –Ω–∞ –ª–∏—Ç—Ä–µ—Å ""–ü—Ä–∞–∫—Ç–∏—á–µ—Å–∫–∞—è —Å—Ç–∞—Ç–∏—Å—Ç–∏–∫–∞ –¥–ª—è —Å–ø–µ—Ü–∏–∞–ª–∏—Å—Ç–æ–≤ Data Science –ü–∏—Ç–µ—Ä –ë—Ä—é—Å, –ü–∏—Ç–µ—Ä –ì–µ–¥–µ–∫, –≠–Ω–¥—Ä—é –ë—Ä—é—Å"" (–î–∞, —ç—Ç–æ –ø—Ä–∞–≤–∏–ª—å–Ω—ã–π –æ—Ç–≤–µ—Ç –Ω–∞ —Ç–≤–æ–π –≤–æ–ø—Ä–æ—Å. –¢–æ—á–Ω–µ–µ –Ω–µ –ø—Ä–∞–≤–∏–ª—å–Ω—ã–π, –Ω–æ —Ç—ã –ø–æ–¥—Ä–∞–∑—É–º–µ–≤–∞–ª–∞, —á—Ç–æ –æ–Ω –ø—Ä–∞–≤–∏–ª—å–Ω—ã–π). –û—Ç–∫—Ä—ã–≤–∞—é –≥–ª–∞–≤—É –ø—Ä–æ –¢ –∫—Ä–∏—Ç–µ—Ä–∏–π –∏ –≤–∏–∂—É —Ñ–æ—Ä–º—É–ª—É, –∫–æ—Ç–æ—Ä—É—é ""–ü–æ–ø—ã—Ç–∫–∞ –≥–ª—É–±–∂–µ –ø–æ–Ω–∏–º–∞—Ç—å —É–∂–µ –ø–æ–ø–∞—Ö–∏–≤–∞–µ—Ç –ª–∏—Ç—Ä–æ–º"". –í –±–∏–Ω–æ–º–∏–∞–ª—å–Ω–æ–º —Ä–∞—Å–ø—Ä–µ–¥–µ–ª–µ–Ω–∏–∏ –Ω–µ—Ç –¥–∞–∂–µ —Ö–æ—Ç—å –∫–∞–∫–æ–π-–Ω–∏–±—É–¥—å –∑–∞–≤–∞–ª—è—â–µ–π—Å—è —Ñ–æ—Ä–º—É–ª—ã. –ó–∞—Ç–æ –µ—Å—Ç—å –æ–±—ä—è—Å–Ω–µ–Ω–∏–µ –Ω–∞ –∫—É—á—É —Å—Ç—Ä–æ–∫ —Å –ø—Ä–∏–º–µ—Ä–æ–º —Ä–µ–∞–ª–∏–∑–∞—Ü–∏–∏ –≤—ã—á–∏—Å–ª–µ–Ω–∏–π —á–µ—Ä–µ–∑ —Ç.–Ω. ""—á–µ—Ä–Ω—ã–π —è—â–∏–∫"" (–ü—Ä–∏ —ç—Ç–æ–º –æ–±—ä—è—Å–Ω–∏—Ç—å —Ä–∞–∑–Ω–∏—Ü—É –º–µ–∂–¥—É pmf –∏ cdf –∞–≤—Ç–æ—Ä—ã –Ω—É–∂–Ω—ã–º –Ω–µ –ø–æ—Å—á–∏—Ç–∞–ª–∏). –ò–Ω—ã–º–∏ —Å–ª–æ–≤–∞–º–∏, –ø–æ—Å–ª–µ –ø—Ä–æ—á—Ç–µ–Ω–∏—è —ç—Ç–æ–π –∫–Ω–∏–≥–∏, –≤—ã –±—É–¥–µ—Ç–µ –ø—Ä–µ–∫—Ä–∞—Å–Ω–æ –ø–æ–Ω–∏–º–∞—Ç—å, —á—Ç–æ —Ç–∞–∫–æ–µ –Ω–æ—Ä–º–∞–ª—å–Ω–æ–µ —Ä–∞—Å–ø—Ä–µ–¥–µ–ª–µ–Ω–∏–µ, –Ω–æ –±—É–¥–µ—Ç–µ –Ω–µ –≤ —Å–æ—Å—Ç–æ—è–Ω–∏–∏ –ø–æ—Å—á–∏—Ç–∞—Ç—å –≤—Ä—É—á–Ω—É—é –¥–∞–∂–µ –ø—Ä–æ—Å—Ç–µ–Ω—å–∫–∏–π –¥–æ–≤–µ—Ä–∏—Ç–µ–ª—å–Ω—ã–π –∏–Ω—Ç–µ—Ä–≤–∞–ª –¥–ª—è –Ω–æ—Ä–º–∞–ª—å–Ω–æ–≥–æ —Ä–∞—Å–ø—Ä–µ–¥–µ–ª–µ–Ω–∏—è. –ü—Ä–æ—à—É –ø–æ–ø—Ä–∞–≤–∏—Ç—å, –µ—Å–ª–∏ –æ—à–∏–±–∞—é—Å—å. –ò –≤–æ–∑–º–æ–∂–Ω–æ –∫—Ç–æ-—Ç–æ –≤—Å–µ –∂–µ –∑–Ω–∞–µ—Ç –∫–Ω–∏–≥—É/—Å–∞–π—Ç/—Å–ø—Ä–∞–≤–æ—á–Ω–∏–∫, –≥–¥–µ –±–µ–∑ –ª–∏—à–Ω–µ–π –≤–æ–¥—ã –Ω–∞–ø–∏—Å–∞–Ω–æ —á—Ç–æ-—Ç–æ –ø—Ä–∞–∫—Ç–∏—á–µ—Å–∫–∏ –ø–æ–ª–µ–∑–Ω–æ–µ?",2022-11-08,LArtPL,UCO2UAGGoQL5VZ4D_hrS1vqQ,22
"–ü—Ä–∞–∫—Ç–∏—á–µ—Å–∫–∞—è —Å—Ç–∞—Ç–∏—Å—Ç–∏–∫–∞ –¥–ª—è —Å–ø–µ—Ü–∏–∞–ª–∏—Å—Ç–æ–≤ Data Science –ü–∏—Ç–µ—Ä –ë—Ä—é—Å, –ü–∏—Ç–µ—Ä –ì–µ–¥–µ–∫, –≠–Ω–¥—Ä—é –ë—Ä—é—Å",2022-11-08,Evgeny Krylov,UC6C0p20-fTCm_jEgwWzao5A,23
"""–ü—Ä–∞–∫—Ç–∏—á–µ—Å–∫–∞—è —Å—Ç–∞—Ç–∏—Å—Ç–∏–∫–∞ –¥–ª—è —Å–ø–µ—Ü–∏–∞–ª–∏—Å—Ç–æ–≤ Data Science"". 
–ö–ª–∞—Å—Å–Ω–∞—è –ø–æ–¥–±–æ—Ä–∫–∞, —Å–ø–∞—Å–∏–±–æ –∑–∞ –≤–∏–¥–µ–æ!",2022-11-08,–°–µ—Ä–≥–µ–π –ö–∞–ª–∏–Ω–æ–≤—Å–∫–∏–π,UCGPE8vaoczSszMNV3xram_g,24
"–ü—Ä–∞–∫—Ç–∏—á–µ—Å–∫–∞—è —Å—Ç–∞—Ç–∏—Å—Ç–∏–∫–∞ –¥–ª—è —Å–ø–µ—Ü–∏–∞–ª–∏—Å—Ç–æ–≤ Data Science –ü–∏—Ç–µ—Ä –ë—Ä—é—Å, –ü–∏—Ç–µ—Ä –ì–µ–¥–µ–∫, –≠–Ω–¥—Ä—é –ë—Ä—é—Å",2022-11-08,–í–ª–∞–¥–∞ –†–æ–¥–∏–æ–Ω–æ–≤–∞,UCzVa-7tT3qkDU3IWOlUinfg,25
"–°–ø–∞—Å–∏–±–æ –∑–∞ —Å–ø–∏—Å–æ–∫, –±—É–¥—É –∏–∑—É—á–∞—Ç—å! –ö–Ω–∏–≥–∞ –¥–ª—è —É—á–∞—Å—Ç–∏—è –≤ —Ä–æ–∑—ã–≥—Ä—ã—à–µ –Ω–∞–∑—ã–≤–∞–µ—Ç—Å—è ""–ü—Ä–∞–∫—Ç–∏—á–µ—Å–∫–∞—è —Å—Ç–∞—Ç–∏—Å—Ç–∏–∫–∞ –¥–ª—è —Å–ø–µ—Ü–∏–∞–ª–∏—Å—Ç–æ–≤ Data Science""",2022-11-10,TheDailyLeo,UC3OOnDHDK-cYufbMf7VyL1w,26
"–°–ø–∞—Å–∏–±–æ –∑–∞ –ø—Ä–µ–∫—Ä–∞—Å–Ω—ã–π –æ–±–∑–æ—Ä –ª–∏—Ç–µ—Ä–∞—Ç—É—Ä—ã!
–û—Ç–≤–µ—Ç: ""–ü—Ä–∞–∫—Ç–∏—á–µ—Å–∫–∞—è —Å—Ç–∞—Ç–∏—Å—Ç–∏–∫–∞ –¥–ª—è —Å–ø–µ—Ü–∏–∞–ª–∏—Å—Ç–æ–≤ Data Science"" –ü–∏—Ç–µ—Ä –ë—Ä—é—Å, –ü–∏—Ç–µ—Ä –ì–µ–¥–µ–∫, –≠–Ω–¥—Ä—é –ë—Ä—é—Å",2022-11-08,–î–∏–º–∞ –ó–æ–ª–æ—Ç—É—Ö–∏–Ω,UCQOdErTG30B_jEBMawVrBrw,27
¬´–ü—Ä–∞–∫—Ç–∏—á–µ—Å–∫–∞—è —Å—Ç–∞—Ç–∏—Å—Ç–∏–∫–∞ –¥–ª—è —Å–ø–µ—Ü–∏–∞–ª–∏—Å—Ç–æ–≤ Data Science¬ª ‚Äî –¥–∞–≤–Ω–æ –Ω–∞ –Ω–µ–µ –∑–∞—Å–º–∞—Ç—Ä–∏–≤–∞—é—Å—å ;),2022-11-09,Daria Sizeva,UCzype7pRPIqUKyLCdTWn_Xw,28
"–ö–æ–Ω–∫—É—Ä—Å: –ü—Ä–∞–∫—Ç–∏—á–µ—Å–∫–∞—è —Å—Ç–∞—Ç–∏—Å—Ç–∏–∫–∞ –¥–ª—è —Å–ø–µ—Ü–∏–∞–ª–∏—Å—Ç–æ–≤ Data Science –ü–∏—Ç–µ—Ä –ë—Ä—é—Å, –ü–∏—Ç–µ—Ä –ì–µ–¥–µ–∫, –≠–Ω–¥—Ä—é –ë—Ä—é—Å",2022-11-08,–í–∞–ª–µ—Ä–∏—è –û–¥–µ–≥–æ–≤–∞,UCP0fkr57MW_-j67IVMFhNAg,29
"–ö–Ω–∏–≥–∞ –¥–ª—è —Ä–æ–∑—ã–≥—Ä—ã—à–∞: 04:06 –ü—Ä–∞–∫—Ç–∏—á–µ—Å–∫–∞—è —Å—Ç–∞—Ç–∏—Å—Ç–∏–∫–∞ –¥–ª—è —Å–ø–µ—Ü–∏–∞–ª–∏—Å—Ç–æ–≤ Data Science –ü–∏—Ç–µ—Ä –ë—Ä—é—Å, –ü–∏—Ç–µ—Ä –ì–µ–¥–µ–∫, –≠–Ω–¥—Ä—é –ë—Ä—é—Å",2022-11-08,Alexander Bormotov,UCf0NQl95bMw4A_r3sdS7sVw,30
"–Ø –±—ã —Ö–æ—Ç–µ–ª –∏–º–µ—Ç—å –∫–Ω–∏–∂–∫—É ""–ü—Ä–∞–∫—Ç–∏—á–µ—Å–∫–∞—è —Å—Ç–∞—Ç–∏—Å—Ç–∏–∫–∞ –¥–ª—è —Å–ø–µ—Ü–∏–∞–ª–∏—Å—Ç–æ–≤ Data Science"" –ü–∏—Ç–µ—Ä –ë—Ä—é—Å, –ü–∏—Ç–µ—Ä –ì–µ–¥–µ–∫, –≠–Ω–¥—Ä—é –ë—Ä—é—Å. –≠—Ç–æ –∏ –µ—Å—Ç—å –æ—Ç–≤–µ—Ç –Ω–∞ –≤–∏–∫—Ç–æ—Ä–∏–Ω—É. –ù–∞—Å—Ç—è, –í—ã –∫–∞–∫ –≤—Å–µ–≥–¥–∞ –ø—Ä–µ–∫—Ä–∞—Å–Ω—ã üôÇ",2022-11-08,Ehrlich,UCUPJTUjCi-bDV1xXGCy-wQw,31
"–ü—Ä–∞–∫—Ç–∏—á–µ—Å–∫–∞—è —Å—Ç–∞—Ç–∏—Å—Ç–∏–∫–∞ –¥–ª—è —Å–ø–µ—Ü–∏–∞–ª–∏—Å—Ç–æ–≤ Data Science –ü–∏—Ç–µ—Ä –ë—Ä—é—Å, –ü–∏—Ç–µ—Ä –ì–µ–¥–µ–∫, –≠–Ω–¥—Ä—é –ë—Ä—é—Å",2022-11-08,–í—è—á–µ—Å–ª–∞–≤ –ö–æ—Ä–Ω–µ–π—á—É–∫,UCxe_WPZ5lsBfEQk8eGLzQ7Q,32
"–ü—Ä–∞–∫—Ç–∏—á–µ—Å–∫–∞—è —Å—Ç–∞—Ç–∏—Å—Ç–∏–∫–∞ –¥–ª—è —Å–ø–µ—Ü–∏–∞–ª–∏—Å—Ç–æ–≤ Data Science. –ü–∏—Ç–µ—Ä –ë—Ä—é—Å, –≠–Ω–¥—Ä—é –ë—Ä—é—Å, –ü–∏—Ç–µ—Ä –ì–µ–¥–µ–∫",2022-11-08,–ê–π–¥–∞—Ä –°–∞—Ö–∞–±—É—Ç–¥–∏–Ω–æ–≤,UC0oZkQyOi0kQHc7gPIGDOpA,33
"–ü—Ä–∞–∫—Ç–∏—á–µ—Å–∫–∞—è —Å—Ç–∞—Ç–∏—Å—Ç–∏–∫–∞ –¥–ª—è —Å–ø–µ—Ü–∏–∞–ª–∏—Å—Ç–æ–≤ Data Science –ü–∏—Ç–µ—Ä –ë—Ä—é—Å, –ü–∏—Ç–µ—Ä –ì–µ–¥–µ–∫, –≠–Ω–¥—Ä—é –ë—Ä—é—Å",2022-11-08,–ú–∏—Ö–∞–∏–ª –ë—É–π–º–æ–≤,UC3dEkUfHiZB4eBAs0u2ZmEQ,34
"–ë–æ–ª—å—à–æ–µ —Å–ø–∞—Å–∏–±–æ –∑–∞ –ø–æ–¥–±–æ—Ä –∫–Ω–∏–≥, –∫–∞–∫ —Ä–∞–∑ —á—Ç–æ —á–µ–≥–æ –Ω–µ —Ö–≤–∞—Ç–∞–ª–æ
–æ—Ç–≤–µ—Ç:  –ü—Ä–∞–∫—Ç–∏—á–µ—Å–∫–∞—è —Å—Ç–∞—Ç–∏—Å—Ç–∏–∫–∞ –¥–ª—è —Å–ø–µ—Ü–∏–∞–ª–∏—Å—Ç–æ–≤ Data Science",2022-11-08,–ê–ª–µ–∫—Å–µ–π –ë–æ—Ä–∏—Å–æ–≤,UCBXVJPINwg29jaAh61Ilfkg,35
"–ü—Ä–∞–∫—Ç–∏—á–µ—Å–∫–∞—è —Å—Ç–∞—Ç–∏—Å—Ç–∏–∫–∞ –¥–ª—è —Å–ø–µ—Ü–∏–∞–ª–∏—Å—Ç–æ–≤ Data Science –ü–∏—Ç–µ—Ä –ë—Ä—é—Å, –ü–∏—Ç–µ—Ä –ì–µ–¥–µ–∫, –≠–Ω–¥—Ä—é –ë—Ä—é—Å",2022-11-08,–ö–∏—Ä–∏–ª–ª –ß–µ—Ä–µ–º—É—à–∫–∏–Ω,UCOZBTPAqswH7DJEhpdrwmlQ,36
–ü—Ä–∞–∫—Ç–∏—á–µ—Å–∫–∞—è —Å—Ç–∞—Ç–∏—Å—Ç–∏–∫–∞ –¥–ª—è —Å–ø–µ—Ü–∏–∞–ª–∏—Å—Ç–æ–≤ Data Science,2022-11-08,IM,UCTCcVKmJyh7EaufwKRDhmwQ,37
"–ü—Ä–∞–∫—Ç–∏—á–µ—Å–∫–∞—è —Å—Ç–∞—Ç–∏—Å—Ç–∏–∫–∞ –¥–ª—è —Å–ø–µ—Ü–∏–∞–ª–∏—Å—Ç–æ–≤ Data Science –ü–∏—Ç–µ—Ä –ë—Ä—é—Å, –ü–∏—Ç–µ—Ä –ì–µ–¥–µ–∫, –≠–Ω–¥—Ä—é –ë—Ä—é—Å",2022-11-08,Katya Markina,UCAWbyvZuhhR2jtNHOG4iWWA,38
–ü—Ä–∞–∫—Ç–∏—á–µ—Å–∫–∞—è —Å—Ç–∞—Ç–∏—Å—Ç–∏–∫–∞ –¥–ª—è —Å–ø–µ—Ü–∏–∞–ª–∏—Å—Ç–æ–≤ Data Science. –û—Ç–ª–∏—á–Ω–æ–µ –≤–∏–¥–µ–æ),2022-11-08,–°–µ—Ä–≥–µ–π –°–∞–≤–∏–Ω–æ–≤,UCw5p0SpRqVypXiN6hMPERdQ,39
"–ü—Ä–∞–∫—Ç–∏—á–µ—Å–∫–∞—è —Å—Ç–∞—Ç–∏—Å—Ç–∏–∫–∞ –¥–ª—è —Å–ø–µ—Ü–∏–∞–ª–∏—Å—Ç–æ–≤ Data Science. –ê–Ω–∞—Å—Ç–∞—Å–∏—è, —Å–ø–∞—Å–∏–±–æ –∑–∞ –ø—Ä–µ–∫—Ä–∞—Å–Ω—É—é –ø–æ–¥–±–æ—Ä–∫—É!üôÉ",2022-11-08,–î–º–∏—Ç—Ä–∏–π –ú—è—Å–Ω–∏–∫–æ–≤,UCgq82wFsDOs5jpYuOvOgHDA,40
"–û—Ç–≤–µ—Ç:–ü—Ä–∞–∫—Ç–∏—á–µ—Å–∫–∞—è —Å—Ç–∞—Ç–∏—Å—Ç–∏–∫–∞ –¥–ª—è —Å–ø–µ—Ü–∏–∞–ª–∏—Å—Ç–æ–≤ Data Science
–ê–Ω–∞—Å—Ç–∞—Å–∏—è, —Å–ø–∞—Å–∏–±–æ –±–æ–ª—å—à–æ–µ –∑–∞ –∫—Ä–∞—Ç–∫–∏–µ –æ–±–∑–æ—Ä—ã –∫–∞–∂–¥–æ–π –∏–∑ –∫–Ω–∏–≥!  –û–∫–∞–∑–∞–ª–æ—Å—å –æ—á–µ–Ω—å –ø–æ–ª–µ–∑–Ω—ã–º.",2022-11-08,Alexandr Solohin,UCPlsLWhqa2Udoc2zpWUU7RA,41
"–Ø —Ç–∞–∫ –ø–æ–Ω–∏–º–∞—é —Ä–µ—á—å –∏–¥–µ—Ç –æ –∫–Ω–∏–≥–µ - –ü—Ä–∞–∫—Ç–∏—á–µ—Å–∫–∞—è —Å—Ç–∞—Ç–∏—Å—Ç–∏–∫–∞ –¥–ª—è —Å–ø–µ—Ü–∏–∞–ª–∏—Å—Ç–æ–≤ Data Science –ü–∏—Ç–µ—Ä –ë—Ä—é—Å, –ü–∏—Ç–µ—Ä –ì–µ–¥–µ–∫, –≠–Ω–¥—Ä—é –ë—Ä—é—Å.",2022-11-08,–ê–ª–µ–∫—Å–∞–Ω–¥—Ä –ó–≤–µ—Ä–µ–≤,UC3LnowHjxYsnTXn_Nxinbxw,42
"–û—Ç–≤–µ—Ç: ""–ü—Ä–∞–∫—Ç–∏—á–µ—Å–∫–∞—è —Å—Ç–∞—Ç–∏—Å—Ç–∏–∫–∞ –¥–ª—è —Å–ø–µ—Ü–∏–∞–ª–∏—Å—Ç–æ–≤ Data Science"". –°–ø–∞—Å–∏–±–æ –∑–∞ –≤–∏–¥–µ–æ!",2022-11-08,mudmon,UCUC3CZBH865Sp50DpptHvcA,43
–ü—Ä–∞–∫—Ç–∏—á–µ—Å–∫–∞—è —Å—Ç–∞—Ç–∏—Å—Ç–∏–∫–∞ –¥–ª—è —Å–ø–µ—Ü–∏–∞–ª–∏—Å—Ç–æ–≤ Data Science.,2022-11-08,Yura Hulivatyi,UCWL70z68Vppv0wx1UjvC3_A,44
"–ü—Ä–∞–∫—Ç–∏—á–µ—Å–∫–∞—è —Å—Ç–∞—Ç–∏—Å—Ç–∏–∫–∞ –¥–ª—è —Å–ø–µ—Ü–∏–∞–ª–∏—Å—Ç–æ–≤ Data Science.
–°–ø–∞—Å–∏–±–æ –∑–∞ —Ö–æ—Ä–æ—à—É—é –ø–æ–¥–±–æ—Ä–∫—É –∫–Ω–∏–≥.",2022-11-08,–î–∞–Ω–∏–ª –ë–æ–∂–∫–æ,UCsTw-A01ieHSkoCZMevBfDQ,45
"–°–ø–∞—Å–∏–±–æ –∑–∞ —Ç–æ, —á—Ç–æ —É–¥–µ–ª–∏–ª–∏ –≤–Ω–∏–º–∞–Ω–∏–µ —Ä–∞–∑–±–æ—Ä—É –∫–Ω–∏–≥ 

–û—Ç–≤–µ—Ç: –ü—Ä–∞–∫—Ç–∏—á–µ—Å–∫–∞—è —Å—Ç–∞—Ç–∏—Å—Ç–∏–∫–∞ –¥–ª—è —Å–ø–µ—Ü–∏–∞–ª–∏—Å—Ç–æ–≤ Data Science",2022-11-08,–∫–∏—Ä–∏–ª–ª –≤–æ—Ä–æ–Ω–∏–Ω,UCTIoSPy7CPXJBkXW90QVaeg,46
–ü—Ä–∞–∫—Ç–∏—á–µ—Å–∫–∞—è —Å—Ç–∞—Ç–∏—Å—Ç–∏–∫–∞ –¥–ª—è —Å–ø–µ—Ü–∏–∞–ª–∏—Å—Ç–æ–≤ Data Science,2022-11-11,hiccupboi,UC_mF71qESdtvBn6_2AArDbg,47
"–ü—Ä–∞–∫—Ç–∏—á–µ—Å–∫–∞—è —Å—Ç–∞—Ç–∏—Å—Ç–∏–∫–∞ –¥–ª—è —Å–ø–µ—Ü–∏–∞–ª–∏—Å—Ç–æ–≤ Data Science. –ü–∏—Ç–µ—Ä –ë—Ä—é—Å, –≠–Ω–¥—Ä—é –ë—Ä—é—Å, –ü–∏—Ç–µ—Ä –ì–µ–¥–µ–∫. 
–°–ø–∞—Å–∏–±–æ –≤–∞–º –∑–∞ –ø–æ–¥–±–æ—Ä –Ω—É–∂–Ω—ã—Ö –∫–Ω–∏–≥ –∏ –∑–∞ –∏–Ω—Ç–µ—Ä–µ—Å–Ω–æ–µ –≤–∏–¥–µ–æüòä",2022-11-08,–ö–∏—Ä–∏–ª–ª –ö,UC_hntLTY0dHMZkK9IY3EKmw,48
"–û—Ç–≤–µ—Ç: ""–ü—Ä–∞–∫—Ç–∏—á–µ—Å–∫–∞—è —Å—Ç–∞—Ç–∏—Å—Ç–∏–∫–∞ –¥–ª—è —Å–ø–µ—Ü–∏–∞–ª–∏—Å—Ç–æ–≤ Data Science –ü–∏—Ç–µ—Ä –ë—Ä—é—Å, –ü–∏—Ç–µ—Ä –ì–µ–¥–µ–∫, –≠–Ω–¥—Ä—é –ë—Ä—é—Å"". –°–ø–∞—Å–∏–±–æ –∑–∞ –≤–∏–¥–µ–æ!",2022-11-08,–ò–ª—å—è –ë–µ—Ä–µ–∑—É—Ü–∫–∏–π,UCaJU8lt-waycpP20gkSxq_w,49
"–ü—Ä–∞–∫—Ç–∏—á–µ—Å–∫–∞—è —Å—Ç–∞—Ç–∏—Å—Ç–∏–∫–∞ –¥–ª—è —Å–ø–µ—Ü–∏–∞–ª–∏—Å—Ç–æ–≤ Data Science. –î–∞–≤–Ω–æ –∏—Å–∫–∞–ª —Ä–æ–ª–∏–∫, –≥–¥–µ –±—É–¥–µ—Ç –≤—Å–µ —Ä–∞–∑–ª–æ–∂–µ–Ω–æ –ø–æ —Ñ–∞–∫—Ç–∞–º. –°–ø–∞—Å–∏–±–æ",2022-11-12,sariya,UCkSHkvs4DzRTv67_hIOmicg,50
"–í–æ–±—â–µ–º –ø–æ—á–∏—Ç–∞–ª —è –Ω–µ–º–Ω–æ–≥–æ –∫–Ω–∏–∂–∫—É —ç—Ç—É ""–ü—Ä–∞–∫—Ç–∏—á–µ—Å–∫–∞—è —Å—Ç–∞—Ç–∏—Å—Ç–∏–∫–∞ –¥–ª—è —Å–ø–µ—Ü–∏–∞–ª–∏—Å—Ç–æ–≤ Data Science"" –ü–∏—Ç–µ—Ä –ë—Ä—é—Å. –ß–µ—Å—Å–≥—Ä—è –Ω–µ –ø–æ—à–ª–∞ —á–µ–≥–æ-—Ç–æ. –ù–∞ —ç—Ç—É —Ç–µ–º—É –∫–Ω–∏–∂–∫–∞ ""The Elements of
Statistical Learning""  Trevor Hastie, Robert Tibshirani, Jerome Friedman –Ω—Ä–∞–≤–∏—Ç—Å—è –±–æ–ª—å—à–µ.",2022-11-09,Ehrlich,UCUPJTUjCi-bDV1xXGCy-wQw,51
–ü—Ä–∞–∫—Ç–∏—á–µ—Å–∫–∞—è —Å—Ç–∞—Ç–∏—Å—Ç–∏–∫–∞ –¥–ª—è —Å–ø–µ—Ü–∏–∞–ª–∏—Å—Ç–æ–≤ data science,2022-11-09,Fedor Laputin,UCwO0S-uj88IVGU-fITqztuw,52
"–ü—Ä–∞–∫—Ç–∏—á–µ—Å–∫–∞—è —Å—Ç–∞—Ç–∏—Å—Ç–∏–∫–∞ –¥–ª—è —Å–ø–µ—Ü–∏–∞–ª–∏—Å—Ç–æ–≤ Data Science. 
–ê–Ω–∞—Å—Ç–∞—Å–∏—è, –±–æ–ª—å—à–æ–µ —Å–ø–∞—Å–∏–±–æ –í–∞–º –∑–∞ —Ç–æ, —á—Ç–æ –¥–µ–ª–∏—Ç–µ—Å—å –∑–Ω–∞–Ω–∏—è–º–∏ –∏ –∏–Ω—Ñ–æ—Ä–º–∞—Ü–∏–µ–π! üåπ",2022-11-08,Andrey Andy,UCYf5zIiQ3Hix0_opR6m8xKw,53
–ü—Ä–∞–∫—Ç–∏—á–µ—Å–∫–∞—è —Å—Ç–∞—Ç–∏—Å—Ç–∏–∫–∞ –¥–ª—è —Å–ø–µ—Ü–∏–∞–ª–∏—Å—Ç–æ–≤ Data Science.,2022-11-15,–î–µ–Ω–∏—Å –Æ—Ä—å–µ–≤–∏—á,UCmbSdG4pYrDE721ulISGWxw,54
"–°–ø–∞—Å–∏–±–æ –∑–∞ –ø–æ–¥–±–æ—Ä–∫—É. ""–ü—Ä–∞–∫—Ç–∏—á–µ—Å–∫–∞—è —Å—Ç–∞—Ç–∏—Å—Ç–∏–∫–∞ –¥–ª—è Data Science"" .",2022-11-12,Dmitriy HD,UC6GWH45CiQq6-9s82qv38rw,55
"–ö–æ–Ω–∫—É—Ä—Å: –ü—Ä–∞–∫—Ç–∏—á–µ—Å–∫–∞—è —Å—Ç–∞—Ç–∏—Å—Ç–∏–∫–∞ –¥–ª—è —Å–ø–µ—Ü–∏–∞–ª–∏—Å—Ç–æ–≤ Data Science –ü–∏—Ç–µ—Ä –ë—Ä—é—Å, –ü–∏—Ç–µ—Ä –ì–µ–¥–µ–∫, –≠–Ω–¥—Ä—é –ë—Ä—é—Å",2022-11-08,Alex Night,UCzsJv6nYo-qaxd9vICGit_g,56
"–ü—Ä–∞–∫—Ç–∏—á–µ—Å–∫–∞—è —Å—Ç–∞—Ç–∏—Å—Ç–∏–∫–∞ –¥–ª—è —Å–ø–µ—Ü–∏–∞–ª–∏—Å—Ç–æ–≤ Data Science. –ü–∏—Ç–µ—Ä –ë—Ä—é—Å, –ü–∏—Ç–µ—Ä –ì–µ–¥–µ–∫, –≠–Ω–¥—Ä—é –ë—Ä—é—Å.",2022-11-08,Doctor Longbottom,UCDJ7jDYMpQ_VSOtqce71nlg,57
"–í–∏–¥–∏–º–æ, –ø—Ä–∞–∫—Ç–∏—á–µ—Å–∫–∞—è —Å—Ç–∞—Ç–∏—Å—Ç–∏–∫–∞ –¥–ª—è DS —Å–ø–µ—Ü–∏–∞–ª–∏—Å—Ç–æ–≤",2022-11-08,–ú–∞–∫—Å–∏–º,UCNSbpRCTtsSgibykVALnHvw,58
"–ù–∞—à–µ–ª –≤–∞—Å –±–ª–∞–≥–æ–¥–∞—Ä—è PyLounge –∏ –æ—á–µ–Ω—å —ç—Ç–æ–º—É —Ä–∞–¥. –°–ø–∞—Å–∏–±–æ —á—Ç–æ –¥–µ–ª–∏—Ç–µ—Å—å –æ–ø—ã—Ç–æ–º –∏ –¥–∞–µ—Ç–µ –Ω–∞—Å—Ç–∞–≤–ª–µ–Ω–∏—è –Ω–æ–≤–∏—á–∫–∞–º –≤ —Å—Ñ–µ—Ä–µ. –ò–Ω—Ñ–æ—Ä–º–∞—Ü–∏–∏ –æ DS –Ω–∞ —Ä—É —é—Ç—É–±–µ –∫–∞–∫ –±—É–¥—Ç–æ –Ω–µ –æ—á–µ–Ω—å –º–Ω–æ–≥–æ, —á—Ç–æ —É–∂ –≥–æ–≤–æ—Ä–∏—Ç—å –æ —Ç–æ–º —Å —á–µ–≥–æ –Ω–∞—á–∏–Ω–∞—Ç—å, –∫–∞–∫ –Ω–∞–π—Ç–∏ –≤–µ–∫—Ç–æ—Ä —Ä–∞–∑–≤–∏—Ç–∏—è –∏ —Ç–ø
–û—Ç–≤–µ—Ç –Ω–∞ –≤–æ–ø—Ä–æ—Å –∫–æ–Ω–∫—É—Ä—Å–∞ - –ø—Ä–∞–∫—Ç–∏—á–µ—Å–∫–∞—è —Å—Ç–∞—Ç–∏—Å—Ç–∏–∫–∞ –¥–ª—è —Å–ø–µ—Ü–∏–∞–ª–∏—Å—Ç–æ–≤ Data Science",2022-11-08,Surrrogate Human,UCnyr05K8MD0y6EIjNvHIyPQ,59
"–ü—Ä–∞–∫—Ç–∏—á–µ—Å–∫–∞—è —Å—Ç–∞—Ç–∏—Å—Ç–∏–∫–∞ –¥–ª—è —Å–ø–µ—Ü–∏–∞–ª–∏—Å—Ç–æ–≤ Data Science –ü–∏—Ç–µ—Ä –ë—Ä—é—Å, –ü–∏—Ç–µ—Ä –ì–µ–¥–µ–∫, –≠–Ω–¥—Ä—é –ë—Ä—é—Å",2022-11-08,–ö–∞–º–∏–ª—å –†–∞–±–∞–¥–∞–Ω–æ–≤,UCqQiZL16_kxzogV1-n7k8JQ,60
–ü—Ä–∞–∫—Ç–∏—á–µ—Å–∫–∞—è —Å—Ç–∞—Ç–∏—Å—Ç–∏–∫–∞ –¥–ª—è —Å–ø–µ—Ü–∏–∞–ª–∏—Å—Ç–æ–≤ Data Science,2022-11-08,–û–ª–µ—Å—è –ú—è—Å–Ω–∏–∫–æ–≤–∞,UCWqgjdso_NRog3BOisr8qRw,61
"–ü—Ä–æ–∞–Ω–∞–ª–∏–∑–∏—Ä–æ–≤–∞–≤ –≤—ã–±–æ—Ä–∫—É –æ—Ç–≤–µ—Ç–æ–≤ –≤—ã–¥–≤–∏–Ω—É –≥–∏–ø–æ—Ç–µ–∑—É, —á—Ç–æ —ç—Ç–∞ –∫–Ω–∏–≥–∞:  –ü—Ä–∞–∫—Ç–∏—á–µ—Å–∫–∞—è —Å—Ç–∞—Ç–∏—Å—Ç–∏–∫–∞ –¥–ª—è —Å–ø–µ—Ü–∏–∞–ª–∏—Å—Ç–æ–≤ Data Science.",2022-11-15,Den Ver,UCsfLmWAZ3mWh7lMtjk-VVPQ,62
"–°–ø–∞—Å–∏–±–æ –∑–∞ –æ—Ç–ª–∏—á–Ω—ã–π –æ–±–∑–æ—Ä –∫–Ω–∏–≥ –∏ –ø—Ä–æ–¥–µ–ª–∞–Ω–Ω—É—é –≤–∞–º–∏ —Ä–∞–±–æ—Ç—É, –æ–±—è–∑–∞—Ç–µ–ª—å–Ω–æ –±—É–¥—É –∏–∑—É—á–∞—Ç—å. 
–ù–∞–¥–µ—é—Å—å –≤—ã–∏–≥—Ä–∞—Ç—å –≤ –≤–∏–∫—Ç–æ—Ä–∏–Ω–µ ""–ü—Ä–∞–∫—Ç–∏—á–µ—Å–∫–∞—è —Å—Ç–∞—Ç–∏—Å—Ç–∏–∫–∞ –¥–ª—è —Å–ø–µ—Ü–∏–∞–ª–∏—Å—Ç–æ–≤ Data Science"" –ü–∏—Ç–µ—Ä –ë—Ä—é—Å, –ü–∏—Ç–µ—Ä –ì–µ–¥–µ–∫, –≠–Ω–¥—Ä—é –ë—Ä—é—Å",2022-11-12,Spiritum Veritatis,UCvXMSi-bP-hf2tQtXAdiT-Q,63
–ü—Ä–∞–∫—Ç–∏—á–µ—Å–∫–∞—è —Å—Ç–∞—Ç–∏—Å—Ç–∏–∫–∞ –¥–ª—è —Å–ø–µ—Ü–∏–∞–ª–∏—Å—Ç–æ–≤ Data Science,2022-11-08,–ê–ª–µ–∫—Å–∞–Ω–¥—Ä –ò.,UC3Xm5rZVxXu6R32B4HhATKA,64
"–ü—Ä–∞–∫—Ç–∏—á–µ—Å–∫–∞—è —Å—Ç–∞—Ç–∏—Å—Ç–∏–∫–∞ –¥–ª—è Data science –ü–∏—Ç–µ—Ä –ë—Ä—é—Å, –≠–Ω–¥—Ä—é –ë—Ä—é—Å, –ü–∏—Ç–µ—Ä –ì–µ–¥–µ–∫",2022-11-08,–ï–ª–¥–∞–Ω–∞ –ö–µ“£–µ—Å,UCYgRo_74WDdbUTDJ-uwN-Tg,65
–ü—Ä–∞–∫—Ç–∏—á–µ—Å–∫–∞—è —Å—Ç–∞—Ç–∏—Å—Ç–∏–∫–∞ –¥–ª—è —Å–ø–µ—Ü–∏–∞–ª–∏—Å—Ç–æ–≤ Data Science.,2022-11-10,–¢–∞–Ω—é—à–∞ –ó–∞–±–æ—Ü–∫–∞—è,UCVmw0nETxUq4qpCCpaBJFPw,66
"–ü—Ä–∞–∫—Ç–∏—á–µ—Å–∫–∞—è —Å—Ç–∞—Ç–∏—Å—Ç–∏–∫–∞ –¥–ª—è —Å–ø–µ—Ü–∏–∞–ª–∏—Å—Ç–æ–≤ Data Science –ü–∏—Ç–µ—Ä –ë—Ä—é—Å, –ü–∏—Ç–µ—Ä –ì–µ–¥–µ–∫, –≠–Ω–¥—Ä—é –ë—Ä—é—Å",2022-11-08,Kristina Kasoyan,UCx2Lx0OXdGQxadD3Qca-0Iw,67
–û—Ç–≤–µ—Ç –Ω–∞ –≤–∏–∫—Ç–æ—Ä–∏–Ω—É: –ü—Ä–∞–∫—Ç–∏—á–µ—Å–∫–∞—è —Å—Ç–∞—Ç–∏—Å—Ç–∏–∫–∞ –¥–ª—è —Å–ø–µ—Ü–∏–∞–ª–∏—Å—Ç–æ–≤ Data Science. –°–ø–∞—Å–∏–±–æ –∑–∞ –≤–∏–¥–µ–æ! –í—Å–µ –∫–Ω–∏–≥–∏ –∏–Ω—Ç–µ—Ä–µ—Å–Ω—ã. –ì–¥–µ –≤–∑—è—Ç—å –≤—Ä–µ–º—è –Ω–∞ –∏—Ö —á—Ç–µ–Ω–∏–µ —Ç–æ–ª—å–∫–æ –≤–æ–ø—Ä–æ—Å.,2022-11-08,Vladislav Babiy,UCrIiAXCCPsJnEWKhvQwED3w,68
"""–ü—Ä–∞–∫—Ç–∏—á–µ—Å–∫–∞—è —Å—Ç–∞—Ç–∏—Å—Ç–∏–∫–∞ –¥–ª—è Data Science"" . –æ—á–µ–Ω—å —Ö–æ—á—É –≤—ã–∏–≥—Ä–∞—Ç—å)) —Å–ø–∞—Å–∏–±–æ –∑–∞ —Ä–æ–ª–∏–∫)",2022-11-09,Ilia Desd,UCr6NvcCzKuqAR1ashXmw4CA,69
"–ü—Ä–∞–∫—Ç–∏—á–µ—Å–∫–∞—è —Å—Ç–∞—Ç–∏—Å—Ç–∏–∫–∞ –¥–ª—è —Å–ø–µ—Ü–∏–∞–ª–∏—Å—Ç–æ–≤ DS –ü–∏—Ç–µ—Ä –¨—Ä—é—Å, –ü–∏—Ç–µ—Ä –ì–µ–ª–µ–∫",2022-11-08,–í–ª–∞–¥–∏–º–∏—Ä –î—É–≤–∞–Ω–æ–≤,UCu369MIpB4fKhs8OsAb08-g,70
"–ü—Ä–∞–∫—Ç–∏—á–µ—Å–∫–∞—è —Å—Ç–∞—Ç–∏—Å—Ç–∏–∫–∞ –¥–ª—è —Å–ø–µ—Ü–∏–∞–ª–∏—Å—Ç–æ–≤ Data Science –ü–∏—Ç–µ—Ä –ë—Ä—é—Å, –ü–∏—Ç–µ—Ä –ì–µ–¥–µ–∫, –≠–Ω–¥—Ä—é –ë—Ä—é—Å. –î–æ–±–∞–≤–∏–ª –≤ —Å–≤–æ—é –ø–æ–¥–ø–æ—Ä–∫—É –ø–∞—Ä—É –∫–Ω–∏–≥ –∏–∑ –≤–∏–¥–µ–æ",2022-11-10,–†–æ–º–∞–Ω –ú–∏—Ä–æ–Ω–µ–Ω–∫–æ,UCiyVdp_2lVCoSAz6cSIoNFQ,71
–ü—Ä–∞–∫—Ç–∏—á–µ—Å–∫–∞—è —Å—Ç–∞—Ç–∏—Å—Ç–∏–∫–∞ –¥–ª—è —Å–ø–µ—Ü–∏–∞–ª–∏—Å—Ç–æ–≤ Data Science - –æ—Ç–≤–µ—Ç –Ω–∞ –≤–æ–ø—Ä–æ—Å) –ú–Ω–µ –µ—ë –∫—Å—Ç–∞—Ç–∏ —Ç–æ–∂–µ —Å–æ–≤–µ—Ç–æ–≤–∞–ª –∫—Ç–æ-—Ç–æ,2022-11-08,it's uken,UCiySHXlzVGssx9WJvBLvMbw,72
–ü—Ä–∞–∫—Ç–∏—á–µ—Å–∫–∞—è —Å—Ç–∞—Ç–∏—Å—Ç–∏–∫–∞ –¥–ª—è —Å–ø–µ—Ü–∏–∞–ª–∏—Å—Ç–æ–≤ data science,2022-11-09,–†–∞—Å–∏–º –•–∏—Å–∞–º–æ–≤,UCAiDpmguhj6HAsWSCrVpLUw,73
"–ü—Ä–∞–∫—Ç–∏—á–µ—Å–∫–∞—è —Å—Ç–∞—Ç–∏—Å—Ç–∏–∫–∞ –¥–ª—è —Å–ø–µ—Ü–∏–∞–ª–∏—Å—Ç–æ–≤ Data Science –ü–∏—Ç–µ—Ä –ë—Ä—é—Å –ü–∏—Ç–µ—Ä –ì–µ–¥–µ–∫ –≠–Ω–¥—Ä—é –ë—Ä—é—Å, —è–≤–ª—è–µ—Ç—Å—è –±–µ—Å—Ç—Å–µ–ª–ª–µ—Ä–æ–º —Å—Ä–µ–¥–∏ –∫–Ω–∏–≥ –ø–æ —Å—Ç–∞—Ç–∏—Å—Ç–∏–∫–µ Python –∏ R –≤—ã–±–∏—Ä–∞–π, –≤—Å–µ —É–¥–æ–±—Å—Ç–≤–∞",2022-11-08,Anuar Balabiyev,UC4lLda4-5psbiAJWqXtdhQA,74
–ü—Ä–∞–∫—Ç–∏—á–µ—Å–∫–∞—è —Å—Ç–∞—Ç–∏—Å—Ç–∏–∫–∞ –¥–Ω—è —Å–ø–µ—Ü–∏–∞–ª–∏—Å—Ç–æ–≤ data science,2022-11-12,Pak Sergey,UCOaOLdznTJNzVbn2sAmqvug,75
"""–ü—Ä–∞–∫—Ç–∏—á–µ—Å–∫–∞—è —Å—Ç–∞—Ç–∏—Å—Ç–∏–∫–∞ –¥–ª—è —Å–ø–µ—Ü–∏–∞–ª–∏—Å—Ç–æ–≤  Data Science"".",2022-11-09,–°—Ç–µ–ø–∞–Ω –ö–æ—Ä—à–∏–∫–æ–≤,UCVQiaTazyuyiH6NRfH5uDgg,76
"–ü—Ä–∞–∫—Ç–∏—á–µ—Å–∫–∞—è —Å—Ç–∞—Ç–∏—Å—Ç–∏–∫–∞ –¥–ª—è data science. 

–°–ø–∞—Å–∏–±–æ –∑–∞ –æ–±–∑–æ—Ä –ª–∏—Ç–µ—Ä–∞—Ç—É—Ä—ã, –æ—á–µ–Ω—å –ø–æ–ª–µ–∑–Ω–æ",2022-11-08,–ê–∑–∞–º–∞—Ç –ì–∞–±–¥—É–ª–ª–∏–Ω,UCLsrwAqUcjex7wKi7FWjNzA,77
"–ü—Ä–∞–∫—Ç–∏—á–µ—Å–∫–∞—è —Å—Ç–∞—Ç–∏—Å—Ç–∏–∫–∞ –¥–ª—è —Å–ø–µ—Ü–∏–∞–ª–∏—Å—Ç–æ–≤ Data Science, –ü–∏—Ç–µ—Ä –ë—Ä—é—Å, –≠–Ω–¥—Ä—é –ë—Ä—é—Å, –ü–∏—Ç–µ—Ä –ì–µ–¥–µ–∫ ‚ù§",2022-11-08,Alex,UCNpB40tOP3_H00v5Y0naNdw,78
–ü—Ä–∞–∫—Ç–∏—á–µ—Å–∫–∞—è —Å—Ç–∞—Ç–∏—Å—Ç–∏–∫–∞ –¥–ª—è —Å–ø–µ—Ü–∏–∞–ª–∏—Å—Ç–æ–≤ Data Science!,2022-11-08,–ù–∏–∫–∏—Ç–∞ –ö–∞—Ä–∞–≥–æ–¥–∏–Ω,UCk1NltdQpqX_qWxoPpmASQw,79
"–°–ø–∞—Å–∏–±–æ –≤–∞–º –∑–∞ –æ—Ç–ª–∏—á–Ω—É—é –ø—Ä–æ–¥–µ–ª–∞–Ω–Ω—É—é —Ä–∞–±–æ—Ç—É!  
–ü—Ä–∞–∫—Ç–∏—á–µ—Å–∫–∞—è —Å—Ç–∞—Ç–∏—Å—Ç–∏–∫–∞ –¥–ª—è —Å–ø–µ—Ü–∏–∞–ª–∏—Å—Ç–æ–≤ Data Science.",2022-11-10,–ï—Ä–Ω—É—Ä –î—É–π—Å–µ–º–∞–Ω,UCwXivQlEM12ZYul6DDqnn6A,80
"–ü—Ä–∞–∫—Ç–∏—á–µ—Å–∫–∞—è —Å—Ç–∞—Ç–∏—Å—Ç–∏–∫–∞ –¥–ª—è —Å–ø–µ—Ü–∏–∞–ª–∏—Å—Ç–æ–≤ Data Science 
–°–ø–∞—Å–∏–±–æ –∑–∞ –æ—Ç–ª–∏—á–Ω—É—é –ø–æ–¥–±–æ—Ä–∫—É!",2022-11-08,Ekaterina Pimenova,UCXDc_RNwKJm3UMnaLWrUsKg,81
–ü—Ä–∞–∫—Ç–∏—á–µ—Å–∫–∞—è —Å—Ç–∞—Ç–∏—Å—Ç–∏–∫–∞ –¥–ª—è —Å–ø–µ—Ü–∏–∞–ª–∏—Å—Ç–æ–≤ Data Science,2022-11-08,–ê–Ω–∞—Ç–æ–ª–∏–π –°–∞–ø–µ–ª–∫–∏–Ω,UCejofLhIOYtc3w63PG26n4g,82
–ü—Ä–∞–∫—Ç–∏—á–µ—Å–∫–∞—è —Å—Ç–∞—Ç–∏—Å—Ç–∏–∫–∞ –¥–ª—è —Å–ø–µ—Ü–∏–∞–ª–∏—Å—Ç–æ–≤ Data Science,2022-11-08,–ê–ª–µ–∫—Å K,UCy82nEl8DZLlBiq-L7MaKVQ,83
–ü—Ä–∞–∫—Ç–∏—á–µ—Å–∫–∞—è —Å—Ç–∞—Ç–∏—Å—Ç–∏–∫–∞ –¥–ª—è —Å–ø–µ—Ü–∏–∞–ª–∏—Å—Ç–æ–≤ Data Science,2022-11-08,Mike Mike,UCdx7Fby3zxVHAVRoKBMmLew,84
"–û—Ç–≤–µ—Ç –¥–ª—è –≤–∏–∫—Ç–æ—Ä–∏–Ω—ã: –ü—Ä–∞–∫—Ç–∏—á–µ—Å–∫–∞—è —Å—Ç–∞—Ç–∏—Å—Ç–∏–∫–∞ –¥–ª—è —Å–ø–µ—Ü–∏–∞–ª–∏—Å—Ç–æ–≤ Data Science. –ü–∏—Ç–µ—Ä –ë—Ä—é—Å, –≠–Ω–¥—Ä—é –ë—Ä—é—Å, –ü–∏—Ç–µ—Ä –ì–µ–¥–µ–∫.
–°–ø–∞—Å–∏–±–æ –∑–∞ –ø—Ä–µ–∫—Ä–∞—Å–Ω—ã–π –∏  –æ—á–µ–Ω—å –ø–æ–ª–µ–∑–Ω—ã–π –æ–±–∑–æ—Ä.",2022-11-09,Murat Aliev,UCofS5IRMGuT-YrYXXKSkItQ,85
"""–ü—Ä–∞–∫—Ç–∏—á–µ—Å–∫–∞—è —Å—Ç–∞—Ç–∏—Å—Ç–∏–∫–∞ –¥–ª—è —Å–ø–µ—Ü–∏–∞–ª–∏—Å—Ç–æ–≤ Data Science"". –°–ø–∞—Å–∏–±–æ –∑–∞ –≤–∏–¥–µ–æ)",2022-11-17,–§–∞–∏–≥ –ö–∞—Ä–∞–µ–≤,UCGOGunPNtHc2TVB_U2yRAwA,86
"–ö–∞–∫ —Ä–∞–∑ –Ω–µ–¥–∞–≤–Ω–æ –∏—Å–∫–∞–ª–∞ —á—Ç–æ –ø–æ—á–∏—Ç–∞—Ç—å –ø–æ —ç—Ç–æ–π —Ç–µ–º–µ
–û—Ç–≤–µ—Ç –Ω–∞ –≤–æ–ø—Ä–æ—Å: –ü—Ä–∞–∫—Ç–∏—á–µ—Å–∫–∞—è —Å—Ç–∞—Ç–∏—Å—Ç–∏–∫–∞ –¥–ª—è —Å–ø–µ—Ü–∏–∞–ª–∏—Å—Ç–æ–≤ Data Science",2022-11-09,Alsu Vakhitova,UCX5_OJzcU6cC-18UG0Afgog,87
"–ü—Ä–∞–∫—Ç–∏—á–µ—Å–∫–∞—è —Å—Ç–∞—Ç–∏—Å—Ç–∏–∫–∞ –¥–ª—è —Å–ø–µ—Ü–∏–∞–ª–∏—Å—Ç–æ–≤ Data Science –≠–Ω–¥—Ä—é –ë—Ä—é—Å, –ü–∏—Ç–µ—Ä –ë—Ä—é—Å, –ü–∏—Ç–µ—Ä –ì–µ–¥–µ–∫",2022-11-08,Sergey Saf,UCA1aKGw2HOKFSwoiu3lKtjQ,88
"–ü—Ä–∞–∫—Ç–∏—á–µ—Å–∫–∞—è —Å—Ç–∞—Ç–∏—Å—Ç–∏–∫–∞ –¥–ª—è —Å–ø–µ—Ü–∏–∞–ª–∏—Å—Ç–æ–≤ Data science  –ü–∏—Ç–µ—Ä –ë—Ä—é—Å, –ü–∏—Ç–µ—Ä –ì–µ–¥–µ–∫, –≠–Ω–¥—Ä—é –ë—Ä—é—Å
–°–ø–∞—Å–∏–±–æ –∑–∞ –≤–∏–¥–µ–æ üíñ",2022-11-08,–í–∞–ª–µ–Ω—Ç–∏–Ω–∞ –ü–æ—Ç–µ–º–∫–∏–Ω–∞,UCB0S6uQ8RFqCvtosKkQqOOA,89
–ü—Ä–∞–∫—Ç–∏—á–µ—Å–∫–∞—è —Å—Ç–∞—Ç–∏—Å—Ç–∏–∫–∞ –¥–ª—è —Å–ø–µ—Ü–∏–∞–ª–∏—Å—Ç–æ–≤ Data Science,2022-11-08,–¢–∞—Ç—å—è–Ω–∞ –û–∂–∞—Ö–æ–≤—Å–∫–∞—è,UC0SHtQCSxiw80k8ylqKFMyw,90
"""–ü—Ä–∞–∫—Ç–∏—á–µ—Å–∫–∞—è —Å—Ç–∞—Ç–∏—Å—Ç–∏–∫–∞ –¥–ª—è —Å–ø–µ—Ü–∏–∞–ª–∏—Å—Ç–æ–≤  Data Science"".",2022-11-10,–õ–µ–æ–Ω–∏–¥ –ú–∏—Ö–∞–ª—é–∫,UCPKoKOQjLw-245fQHyx3hBQ,91
